id,question_text,explanation,reading_id
1,日本の都市の特徴として述べられていないものはどれですか？ (Which of the following is NOT mentioned as a characteristic of Japanese cities?),本文では、美しい自然は田舎の特徴として述べられています。都市は高層ビル、最新のテクノロジー、活気あるナイトライフが特徴だと記載されています。,1
2,日本での交通機関について正しい説明はどれですか？ (Which is the correct description of transportation in Japan?),本文には「交通機関は非常に効率的で、電車は時間通りに運行し、どこへでも簡単にアクセスできます」と記載されています。,1
3,外国人にとって、日本での生活で挑戦となる可能性があることは何ですか？ (What might be a challenge for foreigners living in Japan?),本文には「言葉の壁や文化の違いが挑戦となることもあります」と記載されています。,1
4,夏の祭りに関係しているものはどれですか？ (Which is related to summer festivals?),夏には花火大会や盆踊りがあると本文に書かれています。,2
5,冬に行われる有名な祭りはどれですか？ (Which festival is famous in winter?),本文には冬には雪まつりが有名と書かれています。,2
6,祭りで楽しめるものとして述べられていないものはどれですか？ (Which is NOT mentioned as something to enjoy at festivals?),観光地巡りは本文には書かれていません。,2
7,日本の主食は何ですか？ (What is the staple food in Japan?),本文には米は主食であると書かれています。,3
8,毎日の食事に欠かせないものとして挙げられているのはどれですか？ (Which is mentioned as essential in daily meals?),本文には味噌汁や漬物は毎日の食事に欠かせないと書かれています。,3
9,和食に関して正しい説明はどれですか？ (Which is a correct description about Washoku?),本文には和食はユネスコ無形文化遺産に登録されていると書かれています。,3
10,日本の生徒は授業の前に何をしますか？,本文には授業の前に教室を掃除すると書かれています。,4
11,クラブ活動として述べられていないものはどれですか？,料理は本文に出ていません。,4
12,学校生活で重視されているものは何ですか？,本文にはチームワークや協力が重視されると書かれています。,4
13,夏に楽しめるものはどれですか？,夏は山や海でのレジャーが楽しめると書かれています。,5
14,日本の象徴的な山はどれですか？,本文に富士山は日本の象徴的な山と書かれています。,5
15,秋に見られる美しい自然は何ですか？,秋は紅葉が美しいと本文に書かれています。,5
16,日本で特に有名な産業はどれですか？,本文に自動車産業が有名と書かれています。,6
17,どこで最新の技術を体験できると書かれていますか？,都市で最新の技術を体験できると本文に書かれています。,6
18,日本のテクノロジー分野として述べられていないものはどれですか？,ファッションデザインは本文には書かれていません。,6
19,日本の歴史的な都市として述べられているのはどれですか？,本文に奈良と京都が歴史的な都市として書かれています。,7
20,世界的に知られている日本の文化は何ですか？,本文に武士や侍の文化は世界的に知られていると書かれています。,7
21,日本は歴史を通じて何を発展させてきましたか？,本文には日本は独自の文化を発展させてきたと書かれています。,7
22,日本人が長寿である理由の一つは何ですか？,本文には野菜や魚を多く食べる健康的な食生活が理由と書かれています。,8
23,健康に良いとされているものはどれですか？,本文には毎日の運動や温泉が健康に良いとされています。,8
24,人々が安心して生活できる理由は何ですか？,本文に医療制度が整っているので安心と書かれています。,8
25,日本で特に人気のある現代スポーツはどれですか？,本文に野球とサッカーが人気と書かれています。,9
26,相撲はどのように説明されていますか？,本文に相撲は伝統的なスポーツと書かれています。,9
27,運動会で行われるものとして述べられているのはどれですか？,本文にリレーや玉入れが運動会で行われると書かれています。,9
