id,title,content
1,日本での生活 (Life in Japan),"日本の生活は、伝統と現代が融合したユニークなものです。都市は非常に発展しており、高層ビル、最新のテクノロジー、そして活気あるナイトライフが特徴です。一方で、田舎に行けば、美しい自然、静かな寺院、そして昔ながらの生活様式を見ることができます。

交通機関は非常に効率的で、電車は時間通りに運行し、どこへでも簡単にアクセスできます。しかし、ラッシュアワーの混雑は避けられないこともあります。食事は多様で美味しく、寿司やラーメンなどの伝統的な日本食から、世界各国の料理まで楽しめます。

日本人は礼儀正しく、親切なことで知られていますが、初めて日本に来る外国人にとっては、言葉の壁や文化の違いが挑戦となることもあります。しかし、多くの人々が助けてくれるので、すぐに慣れることができるでしょう。四季がはっきりしており、春の桜、夏の祭り、秋の紅葉、冬の雪景色と、一年を通して美しい景色を楽しむことができます。"
2,日本の祭り (Festivals in Japan),日本には一年を通して多くの祭りがあります。春には桜祭りが行われ、人々は花見を楽しみます。夏には花火大会や盆踊りがあり、浴衣を着て参加する人も多いです。秋は収穫祭、冬には雪まつりが有名です。祭りは地域ごとに特色があり、伝統的な音楽や踊り、美味しい屋台料理を楽しめます。
3,日本の食文化 (Japanese Food Culture),日本の食文化は多様で健康的です。米は主食であり、寿司、天ぷら、うどん、そばなどが有名です。また、味噌汁や漬物は毎日の食事に欠かせません。日本では季節の食材を大切にし、新鮮な魚や野菜を使った料理が多くあります。和食は世界的にも評価されており、ユネスコ無形文化遺産にも登録されています。
4,学校生活 (School Life in Japan),日本の学校生活はとても規律正しいです。生徒は制服を着て登校し、授業が始まる前に教室を掃除します。クラブ活動も盛んで、スポーツや音楽、美術など多くの選択肢があります。生徒同士の協力やチームワークが重視されます。
5,日本の自然 (Nature in Japan),日本は四季がはっきりしており、それぞれの季節に美しい自然が見られます。春には桜が咲き、夏は山や海でのレジャーが楽しめます。秋は紅葉が美しく、冬は雪景色が広がります。富士山は日本の象徴的な山として有名です。
6,日本のテクノロジー (Technology in Japan),日本は世界的にテクノロジーが進んでいる国です。ロボット工学、自動車産業、エレクトロニクスは特に有名です。東京などの都市では最新の技術を体験できる施設や展示会も多く開催されています。
7,日本の歴史 (History of Japan),日本の歴史はとても長く、古代から続いています。奈良や京都には多くの歴史的な建物や寺院があります。武士や侍の文化も世界的に知られています。歴史を通じて、日本は独自の文化を発展させてきました。
8,日本人の健康 (Health in Japan),日本人は長寿で有名です。その理由の一つは、野菜や魚を多く食べる健康的な食生活です。また、毎日の運動や温泉も健康に良いとされています。医療制度も整っており、人々は安心して生活できます。
9,日本のスポーツ (Sports in Japan),日本では多くのスポーツが人気です。特に野球とサッカーは多くのファンがいます。相撲は伝統的なスポーツであり、日本文化の一部です。学校では運動会が開かれ、生徒たちはリレーや玉入れなどで競い合います。
